id,timestamp,version,changeset,user,uid,tags,object_type,member_osmid,member_role,osmid,name,type,route,power,voltage,substation,line,circuits,cables,wires,operator,operator:wikidata,location,note,wikidata
4847651,2015-04-29T19:13:17Z,9,30632955,bahnpirat,13203,"{'cables': '3', 'route': 'power', 'type': 'route', 'voltage': '66000', 'wires': 'single'}",relation,way/341333940,line,relation/4847651,,route,power,,66000,,,,3,single,,,,,
4847651,2015-04-29T19:13:17Z,9,30632955,bahnpirat,13203,"{'cables': '3', 'route': 'power', 'type': 'route', 'voltage': '66000', 'wires': 'single'}",relation,way/285259952,sub_station,relation/4847651,,route,power,,66000,,,,3,single,,,,,
4847651,2015-04-29T19:13:17Z,9,30632955,bahnpirat,13203,"{'cables': '3', 'route': 'power', 'type': 'route', 'voltage': '66000', 'wires': 'single'}",relation,way/340854653,line,relation/4847651,,route,power,,66000,,,,3,single,,,,,
4847651,2015-04-29T19:13:17Z,9,30632955,bahnpirat,13203,"{'cables': '3', 'route': 'power', 'type': 'route', 'voltage': '66000', 'wires': 'single'}",relation,way/341409968,line,relation/4847651,,route,power,,66000,,,,3,single,,,,,
4847651,2015-04-29T19:13:17Z,9,30632955,bahnpirat,13203,"{'cables': '3', 'route': 'power', 'type': 'route', 'voltage': '66000', 'wires': 'single'}",relation,way/275968711,sub_station,relation/4847651,,route,power,,66000,,,,3,single,,,,,
4847651,2015-04-29T19:13:17Z,9,30632955,bahnpirat,13203,"{'cables': '3', 'route': 'power', 'type': 'route', 'voltage': '66000', 'wires': 'single'}",relation,way/341464449,line,relation/4847651,,route,power,,66000,,,,3,single,,,,,
4847651,2015-04-29T19:13:17Z,9,30632955,bahnpirat,13203,"{'cables': '3', 'route': 'power', 'type': 'route', 'voltage': '66000', 'wires': 'single'}",relation,way/341470429,line,relation/4847651,,route,power,,66000,,,,3,single,,,,,
4847651,2015-04-29T19:13:17Z,9,30632955,bahnpirat,13203,"{'cables': '3', 'route': 'power', 'type': 'route', 'voltage': '66000', 'wires': 'single'}",relation,way/309115152,line,relation/4847651,,route,power,,66000,,,,3,single,,,,,
4847980,2015-04-29T19:13:17Z,4,30632955,bahnpirat,13203,"{'cables': '3', 'route': 'power', 'type': 'route', 'voltage': '66000', 'wires': 'single'}",relation,way/275968711,sub_station,relation/4847980,,route,power,,66000,,,,3,single,,,,,
4847980,2015-04-29T19:13:17Z,4,30632955,bahnpirat,13203,"{'cables': '3', 'route': 'power', 'type': 'route', 'voltage': '66000', 'wires': 'single'}",relation,way/309114152,line,relation/4847980,,route,power,,66000,,,,3,single,,,,,
4847980,2015-04-29T19:13:17Z,4,30632955,bahnpirat,13203,"{'cables': '3', 'route': 'power', 'type': 'route', 'voltage': '66000', 'wires': 'single'}",relation,way/341464450,line,relation/4847980,,route,power,,66000,,,,3,single,,,,,
4847980,2015-04-29T19:13:17Z,4,30632955,bahnpirat,13203,"{'cables': '3', 'route': 'power', 'type': 'route', 'voltage': '66000', 'wires': 'single'}",relation,way/341409968,line,relation/4847980,,route,power,,66000,,,,3,single,,,,,
4847980,2015-04-29T19:13:17Z,4,30632955,bahnpirat,13203,"{'cables': '3', 'route': 'power', 'type': 'route', 'voltage': '66000', 'wires': 'single'}",relation,way/341587809,line,relation/4847980,,route,power,,66000,,,,3,single,,,,,
4848091,2015-04-29T14:39:56Z,4,30623213,bahnpirat,13203,"{'cables': '3', 'route': 'power', 'type': 'route', 'voltage': '132000', 'wires': 'single'}",relation,way/341470431,line,relation/4848091,,route,power,,132000,,,,3,single,,,,,
4848091,2015-04-29T14:39:56Z,4,30623213,bahnpirat,13203,"{'cables': '3', 'route': 'power', 'type': 'route', 'voltage': '132000', 'wires': 'single'}",relation,way/341470432,line,relation/4848091,,route,power,,132000,,,,3,single,,,,,
4848091,2015-04-29T14:39:56Z,4,30623213,bahnpirat,13203,"{'cables': '3', 'route': 'power', 'type': 'route', 'voltage': '132000', 'wires': 'single'}",relation,way/309114159,line,relation/4848091,,route,power,,132000,,,,3,single,,,,,
4848091,2015-04-29T14:39:56Z,4,30623213,bahnpirat,13203,"{'cables': '3', 'route': 'power', 'type': 'route', 'voltage': '132000', 'wires': 'single'}",relation,way/341470675,line,relation/4848091,,route,power,,132000,,,,3,single,,,,,
4848091,2015-04-29T14:39:56Z,4,30623213,bahnpirat,13203,"{'cables': '3', 'route': 'power', 'type': 'route', 'voltage': '132000', 'wires': 'single'}",relation,way/285259952,sub_station,relation/4848091,,route,power,,132000,,,,3,single,,,,,
4848091,2015-04-29T14:39:56Z,4,30623213,bahnpirat,13203,"{'cables': '3', 'route': 'power', 'type': 'route', 'voltage': '132000', 'wires': 'single'}",relation,way/341325234,,relation/4848091,,route,power,,132000,,,,3,single,,,,,
4848092,2020-07-14T09:25:38Z,4,87967098,Oberaffe,56597,"{'cables': '3', 'route': 'power', 'type': 'route', 'voltage': '132000', 'wires': 'single'}",relation,way/341333943,line,relation/4848092,,route,power,,132000,,,,3,single,,,,,
4848092,2020-07-14T09:25:38Z,4,87967098,Oberaffe,56597,"{'cables': '3', 'route': 'power', 'type': 'route', 'voltage': '132000', 'wires': 'single'}",relation,way/341470432,line,relation/4848092,,route,power,,132000,,,,3,single,,,,,
4848092,2020-07-14T09:25:38Z,4,87967098,Oberaffe,56597,"{'cables': '3', 'route': 'power', 'type': 'route', 'voltage': '132000', 'wires': 'single'}",relation,way/285259952,substation,relation/4848092,,route,power,,132000,,,,3,single,,,,,
4848092,2020-07-14T09:25:38Z,4,87967098,Oberaffe,56597,"{'cables': '3', 'route': 'power', 'type': 'route', 'voltage': '132000', 'wires': 'single'}",relation,way/309114159,line,relation/4848092,,route,power,,132000,,,,3,single,,,,,
4848092,2020-07-14T09:25:38Z,4,87967098,Oberaffe,56597,"{'cables': '3', 'route': 'power', 'type': 'route', 'voltage': '132000', 'wires': 'single'}",relation,way/341470675,line,relation/4848092,,route,power,,132000,,,,3,single,,,,,
4848092,2020-07-14T09:25:38Z,4,87967098,Oberaffe,56597,"{'cables': '3', 'route': 'power', 'type': 'route', 'voltage': '132000', 'wires': 'single'}",relation,way/341470428,line,relation/4848092,,route,power,,132000,,,,3,single,,,,,
4848212,2020-07-14T09:25:38Z,4,87967098,Oberaffe,56597,"{'cables': '3', 'route': 'power', 'type': 'route', 'voltage': '66000', 'wires': 'single'}",relation,way/756860368,line,relation/4848212,,route,power,,66000,,,,3,single,,,,,
4848212,2020-07-14T09:25:38Z,4,87967098,Oberaffe,56597,"{'cables': '3', 'route': 'power', 'type': 'route', 'voltage': '66000', 'wires': 'single'}",relation,way/285259952,substation,relation/4848212,,route,power,,66000,,,,3,single,,,,,
4848212,2020-07-14T09:25:38Z,4,87967098,Oberaffe,56597,"{'cables': '3', 'route': 'power', 'type': 'route', 'voltage': '66000', 'wires': 'single'}",relation,way/341333945,line,relation/4848212,,route,power,,66000,,,,3,single,,,,,
4848212,2020-07-14T09:25:38Z,4,87967098,Oberaffe,56597,"{'cables': '3', 'route': 'power', 'type': 'route', 'voltage': '66000', 'wires': 'single'}",relation,way/341495425,line,relation/4848212,,route,power,,66000,,,,3,single,,,,,
4848212,2020-07-14T09:25:38Z,4,87967098,Oberaffe,56597,"{'cables': '3', 'route': 'power', 'type': 'route', 'voltage': '66000', 'wires': 'single'}",relation,way/309114138,substation,relation/4848212,,route,power,,66000,,,,3,single,,,,,
4848213,2022-04-11T14:53:33Z,4,119583110,Dhital Bhimsen,10203028,"{'cables': '3', 'from': 'Marsyangdi', 'route': 'power', 'to': 'Siuchatar', 'type': 'route', 'voltage': '132000', 'wires': 'single'}",relation,way/285259952,substation,relation/4848213,,route,power,,132000,,,,3,single,,,,,
4848213,2022-04-11T14:53:33Z,4,119583110,Dhital Bhimsen,10203028,"{'cables': '3', 'from': 'Marsyangdi', 'route': 'power', 'to': 'Siuchatar', 'type': 'route', 'voltage': '132000', 'wires': 'single'}",relation,way/290486331,substation,relation/4848213,,route,power,,132000,,,,3,single,,,,,
4848214,2020-07-14T09:25:38Z,3,87967098,Oberaffe,56597,"{'cables': '3', 'route': 'power', 'type': 'route', 'voltage': '66000', 'wires': 'single'}",relation,way/341495416,line,relation/4848214,,route,power,,66000,,,,3,single,,,,,
4848214,2020-07-14T09:25:38Z,3,87967098,Oberaffe,56597,"{'cables': '3', 'route': 'power', 'type': 'route', 'voltage': '66000', 'wires': 'single'}",relation,way/756860368,line,relation/4848214,,route,power,,66000,,,,3,single,,,,,
4848214,2020-07-14T09:25:38Z,3,87967098,Oberaffe,56597,"{'cables': '3', 'route': 'power', 'type': 'route', 'voltage': '66000', 'wires': 'single'}",relation,way/341333941,line,relation/4848214,,route,power,,66000,,,,3,single,,,,,
4848214,2020-07-14T09:25:38Z,3,87967098,Oberaffe,56597,"{'cables': '3', 'route': 'power', 'type': 'route', 'voltage': '66000', 'wires': 'single'}",relation,way/285259952,substation,relation/4848214,,route,power,,66000,,,,3,single,,,,,
4848214,2020-07-14T09:25:38Z,3,87967098,Oberaffe,56597,"{'cables': '3', 'route': 'power', 'type': 'route', 'voltage': '66000', 'wires': 'single'}",relation,way/309114138,substation,relation/4848214,,route,power,,66000,,,,3,single,,,,,
4848272,2015-05-19T18:53:49Z,3,31292467,LLAQWA,77114,"{'cables': '3', 'from': 'Marsyangdi', 'route': 'power', 'type': 'route', 'voltage': '132000', 'wires': 'single'}",relation,way/341395414,line,relation/4848272,,route,power,,132000,,,,3,single,,,,,
4848272,2015-05-19T18:53:49Z,3,31292467,LLAQWA,77114,"{'cables': '3', 'from': 'Marsyangdi', 'route': 'power', 'type': 'route', 'voltage': '132000', 'wires': 'single'}",relation,way/290486331,sub_station,relation/4848272,,route,power,,132000,,,,3,single,,,,,
4848272,2015-05-19T18:53:49Z,3,31292467,LLAQWA,77114,"{'cables': '3', 'from': 'Marsyangdi', 'route': 'power', 'type': 'route', 'voltage': '132000', 'wires': 'single'}",relation,way/340753709,sub_station,relation/4848272,,route,power,,132000,,,,3,single,,,,,
4848273,2015-05-02T14:13:04Z,4,30721700,bahnpirat,13203,"{'cables': '3', 'from': 'Marsyangdi', 'route': 'power', 'to': 'Bharatpur', 'type': 'route', 'voltage': '132000', 'wires': 'single'}",relation,way/290486331,sub_station,relation/4848273,,route,power,,132000,,,,3,single,,,,,
4848273,2015-05-02T14:13:04Z,4,30721700,bahnpirat,13203,"{'cables': '3', 'from': 'Marsyangdi', 'route': 'power', 'to': 'Bharatpur', 'type': 'route', 'voltage': '132000', 'wires': 'single'}",relation,way/342306174,line,relation/4848273,,route,power,,132000,,,,3,single,,,,,
4848273,2015-05-02T14:13:04Z,4,30721700,bahnpirat,13203,"{'cables': '3', 'from': 'Marsyangdi', 'route': 'power', 'to': 'Bharatpur', 'type': 'route', 'voltage': '132000', 'wires': 'single'}",relation,way/327318711,sub_station,relation/4848273,,route,power,,132000,,,,3,single,,,,,
4848381,2015-04-29T15:39:50Z,2,30623213,bahnpirat,13203,"{'cables': '3', 'from': 'Bharatpur', 'route': 'power', 'to': 'Bardghat', 'type': 'route', 'voltage': '132000', 'wires': 'single'}",relation,way/327318724,line,relation/4848381,,route,power,,132000,,,,3,single,,,,,
4848381,2015-04-29T15:39:50Z,2,30623213,bahnpirat,13203,"{'cables': '3', 'from': 'Bharatpur', 'route': 'power', 'to': 'Bardghat', 'type': 'route', 'voltage': '132000', 'wires': 'single'}",relation,way/327318711,sub_station,relation/4848381,,route,power,,132000,,,,3,single,,,,,
4848382,2015-05-04T16:58:25Z,5,30784533,bahnpirat,13203,"{'cables': '3', 'from': 'Bharatpur', 'route': 'power', 'to': 'Damauli', 'type': 'route', 'voltage': '132000', 'wires': 'single'}",relation,way/327318723,line,relation/4848382,,route,power,,132000,,,,3,single,,,,,
4848382,2015-05-04T16:58:25Z,5,30784533,bahnpirat,13203,"{'cables': '3', 'from': 'Bharatpur', 'route': 'power', 'to': 'Damauli', 'type': 'route', 'voltage': '132000', 'wires': 'single'}",relation,way/327318711,sub_station,relation/4848382,,route,power,,132000,,,,3,single,,,,,
4848382,2015-05-04T16:58:25Z,5,30784533,bahnpirat,13203,"{'cables': '3', 'from': 'Bharatpur', 'route': 'power', 'to': 'Damauli', 'type': 'route', 'voltage': '132000', 'wires': 'single'}",relation,way/341713559,sub_station,relation/4848382,,route,power,,132000,,,,3,single,,,,,
4848934,2015-04-29T19:13:15Z,1,30632955,bahnpirat,13203,"{'cables': '3', 'route': 'power', 'type': 'route', 'voltage': '66000', 'wires': 'single'}",relation,way/341464453,line,relation/4848934,,route,power,,66000,,,,3,single,,,,,
4848934,2015-04-29T19:13:15Z,1,30632955,bahnpirat,13203,"{'cables': '3', 'route': 'power', 'type': 'route', 'voltage': '66000', 'wires': 'single'}",relation,way/275968711,sub_station,relation/4848934,,route,power,,66000,,,,3,single,,,,,
4848934,2015-04-29T19:13:15Z,1,30632955,bahnpirat,13203,"{'cables': '3', 'route': 'power', 'type': 'route', 'voltage': '66000', 'wires': 'single'}",relation,way/341464449,line,relation/4848934,,route,power,,66000,,,,3,single,,,,,
4848934,2015-04-29T19:13:15Z,1,30632955,bahnpirat,13203,"{'cables': '3', 'route': 'power', 'type': 'route', 'voltage': '66000', 'wires': 'single'}",relation,way/341409968,line,relation/4848934,,route,power,,66000,,,,3,single,,,,,
4848934,2015-04-29T19:13:15Z,1,30632955,bahnpirat,13203,"{'cables': '3', 'route': 'power', 'type': 'route', 'voltage': '66000', 'wires': 'single'}",relation,way/309115152,line,relation/4848934,,route,power,,66000,,,,3,single,,,,,
4848934,2015-04-29T19:13:15Z,1,30632955,bahnpirat,13203,"{'cables': '3', 'route': 'power', 'type': 'route', 'voltage': '66000', 'wires': 'single'}",relation,way/309114159,line,relation/4848934,,route,power,,66000,,,,3,single,,,,,
4848934,2015-04-29T19:13:15Z,1,30632955,bahnpirat,13203,"{'cables': '3', 'route': 'power', 'type': 'route', 'voltage': '66000', 'wires': 'single'}",relation,way/341470429,line,relation/4848934,,route,power,,66000,,,,3,single,,,,,
4848934,2015-04-29T19:13:15Z,1,30632955,bahnpirat,13203,"{'cables': '3', 'route': 'power', 'type': 'route', 'voltage': '66000', 'wires': 'single'}",relation,way/341333942,line,relation/4848934,,route,power,,66000,,,,3,single,,,,,
4848934,2015-04-29T19:13:15Z,1,30632955,bahnpirat,13203,"{'cables': '3', 'route': 'power', 'type': 'route', 'voltage': '66000', 'wires': 'single'}",relation,way/285259952,sub_station,relation/4848934,,route,power,,66000,,,,3,single,,,,,
4848935,2015-04-29T19:13:15Z,1,30632955,bahnpirat,13203,"{'cables': '3', 'route': 'power', 'type': 'route', 'voltage': '132000', 'wires': 'single'}",relation,way/341464448,line,relation/4848935,,route,power,,132000,,,,3,single,,,,,
4848935,2015-04-29T19:13:15Z,1,30632955,bahnpirat,13203,"{'cables': '3', 'route': 'power', 'type': 'route', 'voltage': '132000', 'wires': 'single'}",relation,way/341464450,line,relation/4848935,,route,power,,132000,,,,3,single,,,,,
4848935,2015-04-29T19:13:15Z,1,30632955,bahnpirat,13203,"{'cables': '3', 'route': 'power', 'type': 'route', 'voltage': '132000', 'wires': 'single'}",relation,way/341409968,line,relation/4848935,,route,power,,132000,,,,3,single,,,,,
4848935,2015-04-29T19:13:15Z,1,30632955,bahnpirat,13203,"{'cables': '3', 'route': 'power', 'type': 'route', 'voltage': '132000', 'wires': 'single'}",relation,way/275968711,sub_station,relation/4848935,,route,power,,132000,,,,3,single,,,,,
4848935,2015-04-29T19:13:15Z,1,30632955,bahnpirat,13203,"{'cables': '3', 'route': 'power', 'type': 'route', 'voltage': '132000', 'wires': 'single'}",relation,way/341587809,line,relation/4848935,,route,power,,132000,,,,3,single,,,,,
4851033,2015-04-30T19:01:27Z,4,30668628,bahnpirat,13203,"{'cables': '3', 'from': 'Lamahi', 'route': 'power', 'to': 'Kohalpur', 'type': 'route', 'voltage': '132000', 'wires': 'single'}",relation,way/341820716,line,relation/4851033,,route,power,,132000,,,,3,single,,,,,
4851033,2015-04-30T19:01:27Z,4,30668628,bahnpirat,13203,"{'cables': '3', 'from': 'Lamahi', 'route': 'power', 'to': 'Kohalpur', 'type': 'route', 'voltage': '132000', 'wires': 'single'}",relation,way/341855905,line,relation/4851033,,route,power,,132000,,,,3,single,,,,,
4851033,2015-04-30T19:01:27Z,4,30668628,bahnpirat,13203,"{'cables': '3', 'from': 'Lamahi', 'route': 'power', 'to': 'Kohalpur', 'type': 'route', 'voltage': '132000', 'wires': 'single'}",relation,way/341861719,line,relation/4851033,,route,power,,132000,,,,3,single,,,,,
4851033,2015-04-30T19:01:27Z,4,30668628,bahnpirat,13203,"{'cables': '3', 'from': 'Lamahi', 'route': 'power', 'to': 'Kohalpur', 'type': 'route', 'voltage': '132000', 'wires': 'single'}",relation,way/306272062,sub_station,relation/4851033,,route,power,,132000,,,,3,single,,,,,
4851033,2015-04-30T19:01:27Z,4,30668628,bahnpirat,13203,"{'cables': '3', 'from': 'Lamahi', 'route': 'power', 'to': 'Kohalpur', 'type': 'route', 'voltage': '132000', 'wires': 'single'}",relation,way/341855906,sub_station,relation/4851033,,route,power,,132000,,,,3,single,,,,,
4851034,2015-05-03T19:30:56Z,2,30757625,bahnpirat,13203,"{'cables': '3', 'from': 'Lamahi', 'route': 'power', 'to': 'Shivapur', 'type': 'route', 'voltage': '132000', 'wires': 'single'}",relation,way/341820718,line,relation/4851034,,route,power,,132000,,,,3,single,,,,,
4851034,2015-05-03T19:30:56Z,2,30757625,bahnpirat,13203,"{'cables': '3', 'from': 'Lamahi', 'route': 'power', 'to': 'Shivapur', 'type': 'route', 'voltage': '132000', 'wires': 'single'}",relation,way/341820717,line,relation/4851034,,route,power,,132000,,,,3,single,,,,,
4851034,2015-05-03T19:30:56Z,2,30757625,bahnpirat,13203,"{'cables': '3', 'from': 'Lamahi', 'route': 'power', 'to': 'Shivapur', 'type': 'route', 'voltage': '132000', 'wires': 'single'}",relation,way/306272062,sub_station,relation/4851034,,route,power,,132000,,,,3,single,,,,,
4851034,2015-05-03T19:30:56Z,2,30757625,bahnpirat,13203,"{'cables': '3', 'from': 'Lamahi', 'route': 'power', 'to': 'Shivapur', 'type': 'route', 'voltage': '132000', 'wires': 'single'}",relation,way/342598390,line,relation/4851034,,route,power,,132000,,,,3,single,,,,,
4851034,2015-05-03T19:30:56Z,2,30757625,bahnpirat,13203,"{'cables': '3', 'from': 'Lamahi', 'route': 'power', 'to': 'Shivapur', 'type': 'route', 'voltage': '132000', 'wires': 'single'}",relation,way/342598391,sub_station,relation/4851034,,route,power,,132000,,,,3,single,,,,,
4851035,2015-05-03T19:30:56Z,2,30757625,bahnpirat,13203,"{'cables': '3', 'from': 'Lamahi', 'route': 'power', 'to': 'Shivapur', 'type': 'route', 'voltage': '132000', 'wires': 'single'}",relation,way/341820718,line,relation/4851035,,route,power,,132000,,,,3,single,,,,,
4851035,2015-05-03T19:30:56Z,2,30757625,bahnpirat,13203,"{'cables': '3', 'from': 'Lamahi', 'route': 'power', 'to': 'Shivapur', 'type': 'route', 'voltage': '132000', 'wires': 'single'}",relation,way/306272062,sub_station,relation/4851035,,route,power,,132000,,,,3,single,,,,,
4851035,2015-05-03T19:30:56Z,2,30757625,bahnpirat,13203,"{'cables': '3', 'from': 'Lamahi', 'route': 'power', 'to': 'Shivapur', 'type': 'route', 'voltage': '132000', 'wires': 'single'}",relation,way/341820713,line,relation/4851035,,route,power,,132000,,,,3,single,,,,,
4851035,2015-05-03T19:30:56Z,2,30757625,bahnpirat,13203,"{'cables': '3', 'from': 'Lamahi', 'route': 'power', 'to': 'Shivapur', 'type': 'route', 'voltage': '132000', 'wires': 'single'}",relation,way/342598391,sub_station,relation/4851035,,route,power,,132000,,,,3,single,,,,,
4851035,2015-05-03T19:30:56Z,2,30757625,bahnpirat,13203,"{'cables': '3', 'from': 'Lamahi', 'route': 'power', 'to': 'Shivapur', 'type': 'route', 'voltage': '132000', 'wires': 'single'}",relation,way/342598384,line,relation/4851035,,route,power,,132000,,,,3,single,,,,,
4851036,2015-04-30T19:01:27Z,4,30668628,bahnpirat,13203,"{'cables': '3', 'from': 'Lamahi', 'route': 'power', 'to': 'Kohalpur', 'type': 'route', 'voltage': '132000', 'wires': 'single'}",relation,way/341820719,line,relation/4851036,,route,power,,132000,,,,3,single,,,,,
4851036,2015-04-30T19:01:27Z,4,30668628,bahnpirat,13203,"{'cables': '3', 'from': 'Lamahi', 'route': 'power', 'to': 'Kohalpur', 'type': 'route', 'voltage': '132000', 'wires': 'single'}",relation,way/341855905,line,relation/4851036,,route,power,,132000,,,,3,single,,,,,
4851036,2015-04-30T19:01:27Z,4,30668628,bahnpirat,13203,"{'cables': '3', 'from': 'Lamahi', 'route': 'power', 'to': 'Kohalpur', 'type': 'route', 'voltage': '132000', 'wires': 'single'}",relation,way/306272062,sub_station,relation/4851036,,route,power,,132000,,,,3,single,,,,,
4851036,2015-04-30T19:01:27Z,4,30668628,bahnpirat,13203,"{'cables': '3', 'from': 'Lamahi', 'route': 'power', 'to': 'Kohalpur', 'type': 'route', 'voltage': '132000', 'wires': 'single'}",relation,way/341820721,line,relation/4851036,,route,power,,132000,,,,3,single,,,,,
4851036,2015-04-30T19:01:27Z,4,30668628,bahnpirat,13203,"{'cables': '3', 'from': 'Lamahi', 'route': 'power', 'to': 'Kohalpur', 'type': 'route', 'voltage': '132000', 'wires': 'single'}",relation,way/341855906,sub_station,relation/4851036,,route,power,,132000,,,,3,single,,,,,
4853182,2015-05-01T11:37:21Z,4,30687589,bahnpirat,13203,"{'cables': '3', 'from': 'Bhotekoshi', 'route': 'power', 'to': 'Lamosangu', 'type': 'route', 'voltage': '132000', 'wires': 'single'}",relation,way/342027062,line,relation/4853182,,route,power,,132000,,,,3,single,,,,,
4853182,2015-05-01T11:37:21Z,4,30687589,bahnpirat,13203,"{'cables': '3', 'from': 'Bhotekoshi', 'route': 'power', 'to': 'Lamosangu', 'type': 'route', 'voltage': '132000', 'wires': 'single'}",relation,way/342031426,line,relation/4853182,,route,power,,132000,,,,3,single,,,,,
4853182,2015-05-01T11:37:21Z,4,30687589,bahnpirat,13203,"{'cables': '3', 'from': 'Bhotekoshi', 'route': 'power', 'to': 'Lamosangu', 'type': 'route', 'voltage': '132000', 'wires': 'single'}",relation,way/286445650,sub_station,relation/4853182,,route,power,,132000,,,,3,single,,,,,
4853182,2015-05-01T11:37:21Z,4,30687589,bahnpirat,13203,"{'cables': '3', 'from': 'Bhotekoshi', 'route': 'power', 'to': 'Lamosangu', 'type': 'route', 'voltage': '132000', 'wires': 'single'}",relation,way/342027063,sub_station,relation/4853182,,route,power,,132000,,,,3,single,,,,,
4853182,2015-05-01T11:37:21Z,4,30687589,bahnpirat,13203,"{'cables': '3', 'from': 'Bhotekoshi', 'route': 'power', 'to': 'Lamosangu', 'type': 'route', 'voltage': '132000', 'wires': 'single'}",relation,way/342007178,sub_station,relation/4853182,,route,power,,132000,,,,3,single,,,,,
4853310,2015-05-01T11:41:42Z,3,30687589,bahnpirat,13203,"{'cables': '3', 'from': 'Lamosangu', 'route': 'power', 'to': 'Bhaktapur', 'type': 'route', 'voltage': '132000', 'wires': 'single'}",relation,way/341318697,line,relation/4853310,,route,power,,132000,,,,3,single,,,,,
4853310,2015-05-01T11:41:42Z,3,30687589,bahnpirat,13203,"{'cables': '3', 'from': 'Lamosangu', 'route': 'power', 'to': 'Bhaktapur', 'type': 'route', 'voltage': '132000', 'wires': 'single'}",relation,way/137569050,sub_station,relation/4853310,,route,power,,132000,,,,3,single,,,,,
4853310,2015-05-01T11:41:42Z,3,30687589,bahnpirat,13203,"{'cables': '3', 'from': 'Lamosangu', 'route': 'power', 'to': 'Bhaktapur', 'type': 'route', 'voltage': '132000', 'wires': 'single'}",relation,way/341930677,line,relation/4853310,,route,power,,132000,,,,3,single,,,,,
4853310,2015-05-01T11:41:42Z,3,30687589,bahnpirat,13203,"{'cables': '3', 'from': 'Lamosangu', 'route': 'power', 'to': 'Bhaktapur', 'type': 'route', 'voltage': '132000', 'wires': 'single'}",relation,way/341930676,line,relation/4853310,,route,power,,132000,,,,3,single,,,,,
4853310,2015-05-01T11:41:42Z,3,30687589,bahnpirat,13203,"{'cables': '3', 'from': 'Lamosangu', 'route': 'power', 'to': 'Bhaktapur', 'type': 'route', 'voltage': '132000', 'wires': 'single'}",relation,way/286445650,sub_station,relation/4853310,,route,power,,132000,,,,3,single,,,,,
4853311,2015-05-01T11:41:42Z,3,30687589,bahnpirat,13203,"{'cables': '3', 'from': 'Lamosangu', 'route': 'power', 'to': 'Bhaktapur', 'type': 'route', 'voltage': '132000', 'wires': 'single'}",relation,way/341930677,line,relation/4853311,,route,power,,132000,,,,3,single,,,,,
4853311,2015-05-01T11:41:42Z,3,30687589,bahnpirat,13203,"{'cables': '3', 'from': 'Lamosangu', 'route': 'power', 'to': 'Bhaktapur', 'type': 'route', 'voltage': '132000', 'wires': 'single'}",relation,way/286445650,sub_station,relation/4853311,,route,power,,132000,,,,3,single,,,,,
4853311,2015-05-01T11:41:42Z,3,30687589,bahnpirat,13203,"{'cables': '3', 'from': 'Lamosangu', 'route': 'power', 'to': 'Bhaktapur', 'type': 'route', 'voltage': '132000', 'wires': 'single'}",relation,way/309114130,line,relation/4853311,,route,power,,132000,,,,3,single,,,,,
4853311,2015-05-01T11:41:42Z,3,30687589,bahnpirat,13203,"{'cables': '3', 'from': 'Lamosangu', 'route': 'power', 'to': 'Bhaktapur', 'type': 'route', 'voltage': '132000', 'wires': 'single'}",relation,way/341318698,line,relation/4853311,,route,power,,132000,,,,3,single,,,,,
4853311,2015-05-01T11:41:42Z,3,30687589,bahnpirat,13203,"{'cables': '3', 'from': 'Lamosangu', 'route': 'power', 'to': 'Bhaktapur', 'type': 'route', 'voltage': '132000', 'wires': 'single'}",relation,way/137569050,sub_station,relation/4853311,,route,power,,132000,,,,3,single,,,,,
4857147,2021-07-12T02:57:17Z,4,107803196,ashish10,13741716,"{'cables': '3', 'from': 'Heṭauḍā', 'route': 'power', 'to': 'Pathlaiya', 'type': 'route', 'voltage': '132000', 'wires': 'single'}",relation,way/327318716,line,relation/4857147,,route,power,,132000,,,,3,single,,,,,
4857147,2021-07-12T02:57:17Z,4,107803196,ashish10,13741716,"{'cables': '3', 'from': 'Heṭauḍā', 'route': 'power', 'to': 'Pathlaiya', 'type': 'route', 'voltage': '132000', 'wires': 'single'}",relation,way/309076136,line,relation/4857147,,route,power,,132000,,,,3,single,,,,,
4857147,2021-07-12T02:57:17Z,4,107803196,ashish10,13741716,"{'cables': '3', 'from': 'Heṭauḍā', 'route': 'power', 'to': 'Pathlaiya', 'type': 'route', 'voltage': '132000', 'wires': 'single'}",relation,way/233558648,sub_station,relation/4857147,,route,power,,132000,,,,3,single,,,,,
4857147,2021-07-12T02:57:17Z,4,107803196,ashish10,13741716,"{'cables': '3', 'from': 'Heṭauḍā', 'route': 'power', 'to': 'Pathlaiya', 'type': 'route', 'voltage': '132000', 'wires': 'single'}",relation,way/342335310,line,relation/4857147,,route,power,,132000,,,,3,single,,,,,
4857147,2021-07-12T02:57:17Z,4,107803196,ashish10,13741716,"{'cables': '3', 'from': 'Heṭauḍā', 'route': 'power', 'to': 'Pathlaiya', 'type': 'route', 'voltage': '132000', 'wires': 'single'}",relation,way/235281732,sub_station,relation/4857147,,route,power,,132000,,,,3,single,,,,,
4857147,2021-07-12T02:57:17Z,4,107803196,ashish10,13741716,"{'cables': '3', 'from': 'Heṭauḍā', 'route': 'power', 'to': 'Pathlaiya', 'type': 'route', 'voltage': '132000', 'wires': 'single'}",relation,way/302855755,,relation/4857147,,route,power,,132000,,,,3,single,,,,,
4857148,2015-05-02T17:24:25Z,2,30726741,bahnpirat,13203,"{'cables': '3', 'from': 'Heṭauḍā', 'route': 'power', 'to': 'Pathlaiya', 'type': 'route', 'voltage': '132000', 'wires': 'single'}",relation,way/327318715,line,relation/4857148,,route,power,,132000,,,,3,single,,,,,
4857148,2015-05-02T17:24:25Z,2,30726741,bahnpirat,13203,"{'cables': '3', 'from': 'Heṭauḍā', 'route': 'power', 'to': 'Pathlaiya', 'type': 'route', 'voltage': '132000', 'wires': 'single'}",relation,way/309076136,line,relation/4857148,,route,power,,132000,,,,3,single,,,,,
4857148,2015-05-02T17:24:25Z,2,30726741,bahnpirat,13203,"{'cables': '3', 'from': 'Heṭauḍā', 'route': 'power', 'to': 'Pathlaiya', 'type': 'route', 'voltage': '132000', 'wires': 'single'}",relation,way/233558648,sub_station,relation/4857148,,route,power,,132000,,,,3,single,,,,,
4857148,2015-05-02T17:24:25Z,2,30726741,bahnpirat,13203,"{'cables': '3', 'from': 'Heṭauḍā', 'route': 'power', 'to': 'Pathlaiya', 'type': 'route', 'voltage': '132000', 'wires': 'single'}",relation,way/342335308,line,relation/4857148,,route,power,,132000,,,,3,single,,,,,
4857148,2015-05-02T17:24:25Z,2,30726741,bahnpirat,13203,"{'cables': '3', 'from': 'Heṭauḍā', 'route': 'power', 'to': 'Pathlaiya', 'type': 'route', 'voltage': '132000', 'wires': 'single'}",relation,way/235281732,sub_station,relation/4857148,,route,power,,132000,,,,3,single,,,,,
4857171,2015-05-02T20:07:32Z,3,30730258,bahnpirat,13203,"{'cables': '3', 'from': 'Chandranigahpur', 'route': 'power', 'to': 'Pathlaiya', 'type': 'route', 'voltage': '132000', 'wires': 'single'}",relation,way/309076130,sub_station,relation/4857171,,route,power,,132000,,,,3,single,,,,,
4857171,2015-05-02T20:07:32Z,3,30730258,bahnpirat,13203,"{'cables': '3', 'from': 'Chandranigahpur', 'route': 'power', 'to': 'Pathlaiya', 'type': 'route', 'voltage': '132000', 'wires': 'single'}",relation,way/309076139,line,relation/4857171,,route,power,,132000,,,,3,single,,,,,
4857171,2015-05-02T20:07:32Z,3,30730258,bahnpirat,13203,"{'cables': '3', 'from': 'Chandranigahpur', 'route': 'power', 'to': 'Pathlaiya', 'type': 'route', 'voltage': '132000', 'wires': 'single'}",relation,way/342337901,line,relation/4857171,,route,power,,132000,,,,3,single,,,,,
4857171,2015-05-02T20:07:32Z,3,30730258,bahnpirat,13203,"{'cables': '3', 'from': 'Chandranigahpur', 'route': 'power', 'to': 'Pathlaiya', 'type': 'route', 'voltage': '132000', 'wires': 'single'}",relation,way/235281732,sub_station,relation/4857171,,route,power,,132000,,,,3,single,,,,,
4857171,2015-05-02T20:07:32Z,3,30730258,bahnpirat,13203,"{'cables': '3', 'from': 'Chandranigahpur', 'route': 'power', 'to': 'Pathlaiya', 'type': 'route', 'voltage': '132000', 'wires': 'single'}",relation,way/342335311,line,relation/4857171,,route,power,,132000,,,,3,single,,,,,
4857172,2015-05-02T20:07:32Z,3,30730258,bahnpirat,13203,"{'cables': '3', 'from': 'Chandranigahpur', 'route': 'power', 'to': 'Pathlaiya', 'type': 'route', 'voltage': '132000', 'wires': 'single'}",relation,way/309076130,sub_station,relation/4857172,,route,power,,132000,,,,3,single,,,,,
4857172,2015-05-02T20:07:32Z,3,30730258,bahnpirat,13203,"{'cables': '3', 'from': 'Chandranigahpur', 'route': 'power', 'to': 'Pathlaiya', 'type': 'route', 'voltage': '132000', 'wires': 'single'}",relation,way/342337907,line,relation/4857172,,route,power,,132000,,,,3,single,,,,,
4857172,2015-05-02T20:07:32Z,3,30730258,bahnpirat,13203,"{'cables': '3', 'from': 'Chandranigahpur', 'route': 'power', 'to': 'Pathlaiya', 'type': 'route', 'voltage': '132000', 'wires': 'single'}",relation,way/309076139,line,relation/4857172,,route,power,,132000,,,,3,single,,,,,
4857172,2015-05-02T20:07:32Z,3,30730258,bahnpirat,13203,"{'cables': '3', 'from': 'Chandranigahpur', 'route': 'power', 'to': 'Pathlaiya', 'type': 'route', 'voltage': '132000', 'wires': 'single'}",relation,way/342335306,line,relation/4857172,,route,power,,132000,,,,3,single,,,,,
4857172,2015-05-02T20:07:32Z,3,30730258,bahnpirat,13203,"{'cables': '3', 'from': 'Chandranigahpur', 'route': 'power', 'to': 'Pathlaiya', 'type': 'route', 'voltage': '132000', 'wires': 'single'}",relation,way/235281732,sub_station,relation/4857172,,route,power,,132000,,,,3,single,,,,,
4857185,2015-05-02T17:27:52Z,3,30727216,bahnpirat,13203,"{'cables': '3', 'from': 'Parwanipur', 'route': 'power', 'to': 'Pathlaiya', 'type': 'route', 'voltage': '132000', 'wires': 'single'}",relation,way/223694840,sub_station,relation/4857185,,route,power,,132000,,,,3,single,,,,,
4857185,2015-05-02T17:27:52Z,3,30727216,bahnpirat,13203,"{'cables': '3', 'from': 'Parwanipur', 'route': 'power', 'to': 'Pathlaiya', 'type': 'route', 'voltage': '132000', 'wires': 'single'}",relation,way/309059763,line,relation/4857185,,route,power,,132000,,,,3,single,,,,,
4857185,2015-05-02T17:27:52Z,3,30727216,bahnpirat,13203,"{'cables': '3', 'from': 'Parwanipur', 'route': 'power', 'to': 'Pathlaiya', 'type': 'route', 'voltage': '132000', 'wires': 'single'}",relation,way/342339762,line,relation/4857185,,route,power,,132000,,,,3,single,,,,,
4857185,2015-05-02T17:27:52Z,3,30727216,bahnpirat,13203,"{'cables': '3', 'from': 'Parwanipur', 'route': 'power', 'to': 'Pathlaiya', 'type': 'route', 'voltage': '132000', 'wires': 'single'}",relation,way/235281732,sub_station,relation/4857185,,route,power,,132000,,,,3,single,,,,,
4857185,2015-05-02T17:27:52Z,3,30727216,bahnpirat,13203,"{'cables': '3', 'from': 'Parwanipur', 'route': 'power', 'to': 'Pathlaiya', 'type': 'route', 'voltage': '132000', 'wires': 'single'}",relation,way/342335305,line,relation/4857185,,route,power,,132000,,,,3,single,,,,,
4857186,2023-01-21T08:22:04Z,4,131533041,olehz,204049,"{'cables': '3', 'from': 'Parwanipur', 'route': 'power', 'to': 'Pathlaiya', 'type': 'route', 'voltage': '132000', 'wires': 'single'}",relation,way/342339763,line,relation/4857186,,route,power,,132000,,,,3,single,,,,,
4857186,2023-01-21T08:22:04Z,4,131533041,olehz,204049,"{'cables': '3', 'from': 'Parwanipur', 'route': 'power', 'to': 'Pathlaiya', 'type': 'route', 'voltage': '132000', 'wires': 'single'}",relation,way/223694840,sub_station,relation/4857186,,route,power,,132000,,,,3,single,,,,,
4857186,2023-01-21T08:22:04Z,4,131533041,olehz,204049,"{'cables': '3', 'from': 'Parwanipur', 'route': 'power', 'to': 'Pathlaiya', 'type': 'route', 'voltage': '132000', 'wires': 'single'}",relation,way/309059763,line,relation/4857186,,route,power,,132000,,,,3,single,,,,,
4857186,2023-01-21T08:22:04Z,4,131533041,olehz,204049,"{'cables': '3', 'from': 'Parwanipur', 'route': 'power', 'to': 'Pathlaiya', 'type': 'route', 'voltage': '132000', 'wires': 'single'}",relation,way/342335312,line,relation/4857186,,route,power,,132000,,,,3,single,,,,,
4857186,2023-01-21T08:22:04Z,4,131533041,olehz,204049,"{'cables': '3', 'from': 'Parwanipur', 'route': 'power', 'to': 'Pathlaiya', 'type': 'route', 'voltage': '132000', 'wires': 'single'}",relation,way/235281732,sub_station,relation/4857186,,route,power,,132000,,,,3,single,,,,,
4857723,2020-07-13T10:54:39Z,2,87918404,Oberaffe,56597,"{'cables': '3', 'from': 'Dhalke', 'route': 'power', 'type': 'route', 'voltage': '132000', 'wires': 'single'}",relation,way/309076133,line,relation/4857723,,route,power,,132000,,,,3,single,,,,,
4857723,2020-07-13T10:54:39Z,2,87918404,Oberaffe,56597,"{'cables': '3', 'from': 'Dhalke', 'route': 'power', 'type': 'route', 'voltage': '132000', 'wires': 'single'}",relation,way/342370170,line,relation/4857723,,route,power,,132000,,,,3,single,,,,,
4857723,2020-07-13T10:54:39Z,2,87918404,Oberaffe,56597,"{'cables': '3', 'from': 'Dhalke', 'route': 'power', 'type': 'route', 'voltage': '132000', 'wires': 'single'}",relation,way/342370161,sub_station,relation/4857723,,route,power,,132000,,,,3,single,,,,,
4857723,2020-07-13T10:54:39Z,2,87918404,Oberaffe,56597,"{'cables': '3', 'from': 'Dhalke', 'route': 'power', 'type': 'route', 'voltage': '132000', 'wires': 'single'}",relation,way/309076130,sub_station,relation/4857723,,route,power,,132000,,,,3,single,,,,,
4857723,2020-07-13T10:54:39Z,2,87918404,Oberaffe,56597,"{'cables': '3', 'from': 'Dhalke', 'route': 'power', 'type': 'route', 'voltage': '132000', 'wires': 'single'}",relation,way/342337906,line,relation/4857723,,route,power,,132000,,,,3,single,,,,,
4857724,2020-07-13T13:26:51Z,4,87926797,Oberaffe,56597,"{'cables': '3', 'power': 'line', 'route': 'power', 'to': 'Dhalke', 'type': 'route', 'voltage': '132000', 'wires': 'single'}",relation,way/342370161,substation,relation/4857724,,route,power,line,132000,,,,3,single,,,,,
4857725,2020-07-13T10:54:39Z,3,87918404,Oberaffe,56597,"{'cables': '3', 'from': 'Dhalke', 'route': 'power', 'type': 'route', 'voltage': '132000', 'wires': 'single'}",relation,way/342370165,line,relation/4857725,,route,power,,132000,,,,3,single,,,,,
4857725,2020-07-13T10:54:39Z,3,87918404,Oberaffe,56597,"{'cables': '3', 'from': 'Dhalke', 'route': 'power', 'type': 'route', 'voltage': '132000', 'wires': 'single'}",relation,way/309076133,line,relation/4857725,,route,power,,132000,,,,3,single,,,,,
4857725,2020-07-13T10:54:39Z,3,87918404,Oberaffe,56597,"{'cables': '3', 'from': 'Dhalke', 'route': 'power', 'type': 'route', 'voltage': '132000', 'wires': 'single'}",relation,way/342370161,sub_station,relation/4857725,,route,power,,132000,,,,3,single,,,,,
4857725,2020-07-13T10:54:39Z,3,87918404,Oberaffe,56597,"{'cables': '3', 'from': 'Dhalke', 'route': 'power', 'type': 'route', 'voltage': '132000', 'wires': 'single'}",relation,way/342337903,line,relation/4857725,,route,power,,132000,,,,3,single,,,,,
4857725,2020-07-13T10:54:39Z,3,87918404,Oberaffe,56597,"{'cables': '3', 'from': 'Dhalke', 'route': 'power', 'type': 'route', 'voltage': '132000', 'wires': 'single'}",relation,way/309076130,sub_station,relation/4857725,,route,power,,132000,,,,3,single,,,,,
4857868,2020-07-13T10:54:39Z,6,87918404,Oberaffe,56597,"{'cables': '3', 'from': 'Lahan', 'route': 'power', 'to': 'Dhalke', 'type': 'route', 'voltage': '132000', 'wires': 'single'}",relation,way/342383069,line,relation/4857868,,route,power,,132000,,,,3,single,,,,,
4857868,2020-07-13T10:54:39Z,6,87918404,Oberaffe,56597,"{'cables': '3', 'from': 'Lahan', 'route': 'power', 'to': 'Dhalke', 'type': 'route', 'voltage': '132000', 'wires': 'single'}",relation,way/309076131,line,relation/4857868,,route,power,,132000,,,,3,single,,,,,
4857868,2020-07-13T10:54:39Z,6,87918404,Oberaffe,56597,"{'cables': '3', 'from': 'Lahan', 'route': 'power', 'to': 'Dhalke', 'type': 'route', 'voltage': '132000', 'wires': 'single'}",relation,way/309076141,sub_station,relation/4857868,,route,power,,132000,,,,3,single,,,,,
4857868,2020-07-13T10:54:39Z,6,87918404,Oberaffe,56597,"{'cables': '3', 'from': 'Lahan', 'route': 'power', 'to': 'Dhalke', 'type': 'route', 'voltage': '132000', 'wires': 'single'}",relation,way/342372644,line,relation/4857868,,route,power,,132000,,,,3,single,,,,,
4857868,2020-07-13T10:54:39Z,6,87918404,Oberaffe,56597,"{'cables': '3', 'from': 'Lahan', 'route': 'power', 'to': 'Dhalke', 'type': 'route', 'voltage': '132000', 'wires': 'single'}",relation,way/342370161,sub_station,relation/4857868,,route,power,,132000,,,,3,single,,,,,
4857869,2020-07-13T10:54:39Z,5,87918404,Oberaffe,56597,"{'cables': '3', 'from': 'Lahan', 'route': 'power', 'to': 'Dhalke', 'type': 'route', 'voltage': '132000', 'wires': 'single'}",relation,way/342372645,line,relation/4857869,,route,power,,132000,,,,3,single,,,,,
4857869,2020-07-13T10:54:39Z,5,87918404,Oberaffe,56597,"{'cables': '3', 'from': 'Lahan', 'route': 'power', 'to': 'Dhalke', 'type': 'route', 'voltage': '132000', 'wires': 'single'}",relation,way/342370161,sub_station,relation/4857869,,route,power,,132000,,,,3,single,,,,,
4857869,2020-07-13T10:54:39Z,5,87918404,Oberaffe,56597,"{'cables': '3', 'from': 'Lahan', 'route': 'power', 'to': 'Dhalke', 'type': 'route', 'voltage': '132000', 'wires': 'single'}",relation,way/309076131,line,relation/4857869,,route,power,,132000,,,,3,single,,,,,
4857869,2020-07-13T10:54:39Z,5,87918404,Oberaffe,56597,"{'cables': '3', 'from': 'Lahan', 'route': 'power', 'to': 'Dhalke', 'type': 'route', 'voltage': '132000', 'wires': 'single'}",relation,way/342383070,line,relation/4857869,,route,power,,132000,,,,3,single,,,,,
4857869,2020-07-13T10:54:39Z,5,87918404,Oberaffe,56597,"{'cables': '3', 'from': 'Lahan', 'route': 'power', 'to': 'Dhalke', 'type': 'route', 'voltage': '132000', 'wires': 'single'}",relation,way/309076141,sub_station,relation/4857869,,route,power,,132000,,,,3,single,,,,,
4857948,2020-01-22T13:10:45Z,6,79918404,Oberaffe,56597,"{'cables': '3', 'from': 'Dhalke', 'route': 'power', 'to': 'Duhabi', 'type': 'route', 'voltage': '132000', 'wires': 'single'}",relation,way/342383076,line,relation/4857948,,route,power,,132000,,,,3,single,,,,,
4857948,2020-01-22T13:10:45Z,6,79918404,Oberaffe,56597,"{'cables': '3', 'from': 'Dhalke', 'route': 'power', 'to': 'Duhabi', 'type': 'route', 'voltage': '132000', 'wires': 'single'}",relation,way/537900785,line,relation/4857948,,route,power,,132000,,,,3,single,,,,,
4857948,2020-01-22T13:10:45Z,6,79918404,Oberaffe,56597,"{'cables': '3', 'from': 'Dhalke', 'route': 'power', 'to': 'Duhabi', 'type': 'route', 'voltage': '132000', 'wires': 'single'}",relation,way/309076141,sub_station,relation/4857948,,route,power,,132000,,,,3,single,,,,,
4857948,2020-01-22T13:10:45Z,6,79918404,Oberaffe,56597,"{'cables': '3', 'from': 'Dhalke', 'route': 'power', 'to': 'Duhabi', 'type': 'route', 'voltage': '132000', 'wires': 'single'}",relation,way/309076140,line,relation/4857948,,route,power,,132000,,,,3,single,,,,,
4857948,2020-01-22T13:10:45Z,6,79918404,Oberaffe,56597,"{'cables': '3', 'from': 'Dhalke', 'route': 'power', 'to': 'Duhabi', 'type': 'route', 'voltage': '132000', 'wires': 'single'}",relation,way/342387348,line,relation/4857948,,route,power,,132000,,,,3,single,,,,,
4857948,2020-01-22T13:10:45Z,6,79918404,Oberaffe,56597,"{'cables': '3', 'from': 'Dhalke', 'route': 'power', 'to': 'Duhabi', 'type': 'route', 'voltage': '132000', 'wires': 'single'}",relation,way/274440792,sub_station,relation/4857948,,route,power,,132000,,,,3,single,,,,,
4857948,2020-01-22T13:10:45Z,6,79918404,Oberaffe,56597,"{'cables': '3', 'from': 'Dhalke', 'route': 'power', 'to': 'Duhabi', 'type': 'route', 'voltage': '132000', 'wires': 'single'}",relation,way/342387352,line,relation/4857948,,route,power,,132000,,,,3,single,,,,,
4857948,2020-01-22T13:10:45Z,6,79918404,Oberaffe,56597,"{'cables': '3', 'from': 'Dhalke', 'route': 'power', 'to': 'Duhabi', 'type': 'route', 'voltage': '132000', 'wires': 'single'}",relation,way/342388791,line,relation/4857948,,route,power,,132000,,,,3,single,,,,,
4857948,2020-01-22T13:10:45Z,6,79918404,Oberaffe,56597,"{'cables': '3', 'from': 'Dhalke', 'route': 'power', 'to': 'Duhabi', 'type': 'route', 'voltage': '132000', 'wires': 'single'}",relation,way/309085116,sub_station,relation/4857948,,route,power,,132000,,,,3,single,,,,,
4857949,2020-01-22T13:10:45Z,5,79918404,Oberaffe,56597,"{'cables': '3', 'from': 'Dhalke', 'route': 'power', 'to': 'Duhabi', 'type': 'route', 'voltage': '132000', 'wires': 'single'}",relation,way/342383071,line,relation/4857949,,route,power,,132000,,,,3,single,,,,,
4857949,2020-01-22T13:10:45Z,5,79918404,Oberaffe,56597,"{'cables': '3', 'from': 'Dhalke', 'route': 'power', 'to': 'Duhabi', 'type': 'route', 'voltage': '132000', 'wires': 'single'}",relation,way/537900785,line,relation/4857949,,route,power,,132000,,,,3,single,,,,,
4857949,2020-01-22T13:10:45Z,5,79918404,Oberaffe,56597,"{'cables': '3', 'from': 'Dhalke', 'route': 'power', 'to': 'Duhabi', 'type': 'route', 'voltage': '132000', 'wires': 'single'}",relation,way/342387352,line,relation/4857949,,route,power,,132000,,,,3,single,,,,,
4857949,2020-01-22T13:10:45Z,5,79918404,Oberaffe,56597,"{'cables': '3', 'from': 'Dhalke', 'route': 'power', 'to': 'Duhabi', 'type': 'route', 'voltage': '132000', 'wires': 'single'}",relation,way/309076141,sub_station,relation/4857949,,route,power,,132000,,,,3,single,,,,,
4857949,2020-01-22T13:10:45Z,5,79918404,Oberaffe,56597,"{'cables': '3', 'from': 'Dhalke', 'route': 'power', 'to': 'Duhabi', 'type': 'route', 'voltage': '132000', 'wires': 'single'}",relation,way/342387351,line,relation/4857949,,route,power,,132000,,,,3,single,,,,,
4857949,2020-01-22T13:10:45Z,5,79918404,Oberaffe,56597,"{'cables': '3', 'from': 'Dhalke', 'route': 'power', 'to': 'Duhabi', 'type': 'route', 'voltage': '132000', 'wires': 'single'}",relation,way/309076140,line,relation/4857949,,route,power,,132000,,,,3,single,,,,,
4857949,2020-01-22T13:10:45Z,5,79918404,Oberaffe,56597,"{'cables': '3', 'from': 'Dhalke', 'route': 'power', 'to': 'Duhabi', 'type': 'route', 'voltage': '132000', 'wires': 'single'}",relation,way/342388790,line,relation/4857949,,route,power,,132000,,,,3,single,,,,,
4857949,2020-01-22T13:10:45Z,5,79918404,Oberaffe,56597,"{'cables': '3', 'from': 'Dhalke', 'route': 'power', 'to': 'Duhabi', 'type': 'route', 'voltage': '132000', 'wires': 'single'}",relation,way/309085116,sub_station,relation/4857949,,route,power,,132000,,,,3,single,,,,,
4857976,2015-05-02T22:56:35Z,4,30732646,bahnpirat,13203,"{'cables': '3', 'route': 'power', 'type': 'route', 'voltage': '132000', 'wires': 'single'}",relation,way/309085117,line,relation/4857976,,route,power,,132000,,,,3,single,,,,,
4857976,2015-05-02T22:56:35Z,4,30732646,bahnpirat,13203,"{'cables': '3', 'route': 'power', 'type': 'route', 'voltage': '132000', 'wires': 'single'}",relation,way/309085116,sub_station,relation/4857976,,route,power,,132000,,,,3,single,,,,,
4857976,2015-05-02T22:56:35Z,4,30732646,bahnpirat,13203,"{'cables': '3', 'route': 'power', 'type': 'route', 'voltage': '132000', 'wires': 'single'}",relation,way/342389789,sub_station,relation/4857976,,route,power,,132000,,,,3,single,,,,,
4858066,2020-07-13T11:25:22Z,5,87920619,Oberaffe,56597,"{'cables': '3', 'from': 'Anarmani', 'route': 'power', 'to': 'Damak', 'type': 'route', 'voltage': '132000', 'wires': 'single'}",relation,way/309085119,sub_station,relation/4858066,,route,power,,132000,,,,3,single,,,,,
4858066,2020-07-13T11:25:22Z,5,87920619,Oberaffe,56597,"{'cables': '3', 'from': 'Anarmani', 'route': 'power', 'to': 'Damak', 'type': 'route', 'voltage': '132000', 'wires': 'single'}",relation,way/518078700,line,relation/4858066,,route,power,,132000,,,,3,single,,,,,
4858066,2020-07-13T11:25:22Z,5,87920619,Oberaffe,56597,"{'cables': '3', 'from': 'Anarmani', 'route': 'power', 'to': 'Damak', 'type': 'route', 'voltage': '132000', 'wires': 'single'}",relation,way/342389789,sub_station,relation/4858066,,route,power,,132000,,,,3,single,,,,,
